x-axis,IN,OUT
second,Volt,Volt
-185.00E-06,-515.31251E-03,-495.62501E-03
-184.00E-06,-515.31251E-03,-495.62501E-03
-183.00E-06,-515.31251E-03,-495.62501E-03
-182.00E-06,-515.31251E-03,-495.62501E-03
-181.00E-06,-514.92188E-03,-495.62501E-03
-180.00E-06,-515.70313E-03,-496.01563E-03
-179.00E-06,-514.92188E-03,-496.01563E-03
-178.00E-06,-515.31251E-03,-496.01563E-03
-177.00E-06,-515.31251E-03,-496.01563E-03
-176.00E-06,-515.31251E-03,-496.01563E-03
-175.00E-06,-514.92188E-03,-495.62501E-03
-174.00E-06,-515.31251E-03,-496.01563E-03
-173.00E-06,-515.31251E-03,-496.01563E-03
-172.00E-06,-514.92188E-03,-495.62501E-03
-171.00E-06,-515.31251E-03,-496.01563E-03
-170.00E-06,-515.31251E-03,-495.62501E-03
-169.00E-06,-514.92188E-03,-495.62501E-03
-168.00E-06,-515.31251E-03,-495.62501E-03
-167.00E-06,-515.31251E-03,-495.62501E-03
-166.00E-06,-515.31251E-03,-495.23438E-03
-165.00E-06,-515.31251E-03,-495.62501E-03
-164.00E-06,-515.31251E-03,-495.23438E-03
-163.00E-06,-514.92188E-03,-495.62501E-03
-162.00E-06,-515.31251E-03,-495.62501E-03
-161.00E-06,-515.31251E-03,-495.62501E-03
-160.00E-06,-515.31251E-03,-495.62501E-03
-159.00E-06,-515.31251E-03,-496.01563E-03
-158.00E-06,-515.31251E-03,-496.01563E-03
-157.00E-06,-515.31251E-03,-496.01563E-03
-156.00E-06,-515.31251E-03,-496.01563E-03
-155.00E-06,-514.92188E-03,-495.62501E-03
-154.00E-06,-514.92188E-03,-495.62501E-03
-153.00E-06,-515.31251E-03,-496.01563E-03
-152.00E-06,-514.92188E-03,-495.62501E-03
-151.00E-06,-514.92188E-03,-495.23438E-03
-150.00E-06,-514.92188E-03,-495.62501E-03
-149.00E-06,-514.92188E-03,-495.23438E-03
-148.00E-06,-515.31251E-03,-496.01563E-03
-147.00E-06,-515.31251E-03,-495.62501E-03
-146.00E-06,-514.92188E-03,-495.62501E-03
-145.00E-06,-515.31251E-03,-495.62501E-03
-144.00E-06,-515.31251E-03,-495.62501E-03
-143.00E-06,-515.31251E-03,-495.62501E-03
-142.00E-06,-514.92188E-03,-496.01563E-03
-141.00E-06,-515.31251E-03,-496.01563E-03
-140.00E-06,-515.31251E-03,-495.62501E-03
-139.00E-06,-514.92188E-03,-496.01563E-03
-138.00E-06,-515.31251E-03,-496.01563E-03
-137.00E-06,-515.31251E-03,-496.01563E-03
-136.00E-06,-514.92188E-03,-496.01563E-03
-135.00E-06,-515.31251E-03,-495.62501E-03
-134.00E-06,-514.92188E-03,-496.01563E-03
-133.00E-06,-515.31251E-03,-495.62501E-03
-132.00E-06,-515.31251E-03,-495.62501E-03
-131.00E-06,-515.31251E-03,-496.01563E-03
-130.00E-06,-515.31251E-03,-496.01563E-03
-129.00E-06,-514.92188E-03,-495.62501E-03
-128.00E-06,-514.92188E-03,-495.62501E-03
-127.00E-06,-514.92188E-03,-496.01563E-03
-126.00E-06,-514.92188E-03,-495.62501E-03
-125.00E-06,-515.31251E-03,-496.01563E-03
-124.00E-06,-515.31251E-03,-496.01563E-03
-123.00E-06,-515.31251E-03,-495.62501E-03
-122.00E-06,-514.92188E-03,-496.01563E-03
-121.00E-06,-514.92188E-03,-496.01563E-03
-120.00E-06,-514.92188E-03,-495.62501E-03
-119.00E-06,-514.92188E-03,-495.62501E-03
-118.00E-06,-514.92188E-03,-495.62501E-03
-117.00E-06,-514.92188E-03,-495.62501E-03
-116.00E-06,-514.92188E-03,-495.62501E-03
-115.00E-06,-514.92188E-03,-495.62501E-03
-114.00E-06,-515.31251E-03,-495.62501E-03
-113.00E-06,-515.31251E-03,-496.01563E-03
-112.00E-06,-514.92188E-03,-495.62501E-03
-111.00E-06,-514.92188E-03,-495.62501E-03
-110.00E-06,-515.31251E-03,-495.62501E-03
-109.00E-06,-515.31251E-03,-496.01563E-03
-108.00E-06,-515.31251E-03,-496.01563E-03
-107.00E-06,-515.31251E-03,-495.62501E-03
-106.00E-06,-515.31251E-03,-495.62501E-03
-105.00E-06,-515.31251E-03,-496.01563E-03
-104.00E-06,-514.92188E-03,-495.62501E-03
-103.00E-06,-514.92188E-03,-495.62501E-03
-102.00E-06,-514.92188E-03,-496.01563E-03
-101.00E-06,-514.92188E-03,-495.62501E-03
-100.00E-06,-515.31251E-03,-496.01563E-03
-99.00E-06,-515.31251E-03,-496.01563E-03
-98.00E-06,-514.92188E-03,-496.01563E-03
-97.00E-06,-514.92188E-03,-495.62501E-03
-96.00E-06,-514.92188E-03,-495.23438E-03
-95.00E-06,-515.31251E-03,-495.62501E-03
-94.00E-06,-514.92188E-03,-495.62501E-03
-93.00E-06,-515.31251E-03,-495.62501E-03
-92.00E-06,-515.31251E-03,-495.62501E-03
-91.00E-06,-514.92188E-03,-496.01563E-03
-90.00E-06,-515.31251E-03,-495.62501E-03
-89.00E-06,-514.92188E-03,-495.62501E-03
-88.00E-06,-514.92188E-03,-496.01563E-03
-87.00E-06,-514.92188E-03,-495.62501E-03
-86.00E-06,-515.31251E-03,-495.62501E-03
-85.00E-06,-514.92188E-03,-495.62501E-03
-84.00E-06,-515.31251E-03,-495.62501E-03
-83.00E-06,-514.92188E-03,-496.01563E-03
-82.00E-06,-514.92188E-03,-495.62501E-03
-81.00E-06,-514.92188E-03,-495.62501E-03
-80.00E-06,-514.92188E-03,-495.62501E-03
-79.00E-06,-514.92188E-03,-495.62501E-03
-78.00E-06,-514.92188E-03,-495.62501E-03
-77.00E-06,-514.92188E-03,-496.01563E-03
-76.00E-06,-514.92188E-03,-495.62501E-03
-75.00E-06,-514.92188E-03,-495.62501E-03
-74.00E-06,-515.31251E-03,-495.62501E-03
-73.00E-06,-515.31251E-03,-496.01563E-03
-72.00E-06,-515.31251E-03,-496.01563E-03
-71.00E-06,-515.31251E-03,-496.01563E-03
-70.00E-06,-514.92188E-03,-495.62501E-03
-69.00E-06,-514.92188E-03,-496.01563E-03
-68.00E-06,-514.92188E-03,-496.01563E-03
-67.00E-06,-514.92188E-03,-496.01563E-03
-66.00E-06,-514.92188E-03,-495.23438E-03
-65.00E-06,-514.92188E-03,-495.62501E-03
-64.00E-06,-514.92188E-03,-495.62501E-03
-63.00E-06,-515.31251E-03,-495.62501E-03
-62.00E-06,-515.31251E-03,-496.01563E-03
-61.00E-06,-515.31251E-03,-495.62501E-03
-60.00E-06,-514.92188E-03,-495.62501E-03
-59.00E-06,-514.92188E-03,-496.01563E-03
-58.00E-06,-515.31251E-03,-495.62501E-03
-57.00E-06,-515.31251E-03,-496.01563E-03
-56.00E-06,-514.92188E-03,-495.62501E-03
-55.00E-06,-514.92188E-03,-496.01563E-03
-54.00E-06,-515.31251E-03,-496.01563E-03
-53.00E-06,-515.31251E-03,-495.62501E-03
-52.00E-06,-514.92188E-03,-495.62501E-03
-51.00E-06,-514.92188E-03,-495.62501E-03
-50.00E-06,-514.92188E-03,-495.62501E-03
-49.00E-06,-514.92188E-03,-495.62501E-03
-48.00E-06,-515.31251E-03,-496.01563E-03
-47.00E-06,-515.31251E-03,-495.62501E-03
-46.00E-06,-514.92188E-03,-495.62501E-03
-45.00E-06,-515.31251E-03,-496.01563E-03
-44.00E-06,-514.92188E-03,-495.62501E-03
-43.00E-06,-514.92188E-03,-495.62501E-03
-42.00E-06,-515.31251E-03,-495.62501E-03
-41.00E-06,-514.92188E-03,-496.01563E-03
-40.00E-06,-515.31251E-03,-496.01563E-03
-39.00E-06,-515.31251E-03,-496.01563E-03
-38.00E-06,-515.31251E-03,-495.62501E-03
-37.00E-06,-514.92188E-03,-496.01563E-03
-36.00E-06,-515.31251E-03,-495.62501E-03
-35.00E-06,-514.92188E-03,-496.01563E-03
-34.00E-06,-514.92188E-03,-495.62501E-03
-33.00E-06,-515.31251E-03,-495.62501E-03
-32.00E-06,-515.31251E-03,-495.62501E-03
-31.00E-06,-514.92188E-03,-495.62501E-03
-30.00E-06,-514.92188E-03,-495.62501E-03
-29.00E-06,-514.92188E-03,-495.62501E-03
-28.00E-06,-514.92188E-03,-495.62501E-03
-27.00E-06,-514.92188E-03,-495.62501E-03
-26.00E-06,-515.31251E-03,-495.62501E-03
-25.00E-06,-514.92188E-03,-495.62501E-03
-24.00E-06,-515.31251E-03,-495.62501E-03
-23.00E-06,-514.92188E-03,-496.01563E-03
-22.00E-06,-514.92188E-03,-496.01563E-03
-21.00E-06,-514.92188E-03,-496.01563E-03
-20.00E-06,-515.31251E-03,-496.01563E-03
-19.00E-06,-514.92188E-03,-495.62501E-03
-18.00E-06,-515.31251E-03,-495.62501E-03
-17.00E-06,-514.92188E-03,-495.62501E-03
-16.00E-06,-514.92188E-03,-496.01563E-03
-15.00E-06,-514.92188E-03,-495.62501E-03
-14.00E-06,-514.92188E-03,-495.62501E-03
-13.00E-06,-514.92188E-03,-495.62501E-03
-12.00E-06,-514.92188E-03,-495.62501E-03
-11.00E-06,-514.92188E-03,-495.62501E-03
-10.00E-06,-515.31251E-03,-495.23438E-03
-9.00E-06,-515.31251E-03,-496.01563E-03
-8.00E-06,-514.92188E-03,-495.62501E-03
-7.00E-06,-514.92188E-03,-496.01563E-03
-6.00E-06,-514.92188E-03,-495.62501E-03
-5.00E-06,-515.31251E-03,-495.62501E-03
-4.00E-06,-514.92188E-03,-496.01563E-03
-3.00E-06,-514.92188E-03,-495.62501E-03
-2.00E-06,-514.92188E-03,-496.01563E-03
-1.00E-06,-515.31251E-03,-496.01563E-03
-0.0E+00,+351.09376E-03,+343.82813E-03
+1.00E-06,+412.42188E-03,+337.18751E-03
+2.00E-06,+415.93751E-03,+289.14063E-03
+3.00E-06,+418.28126E-03,+243.82813E-03
+4.00E-06,+421.40626E-03,+200.85938E-03
+5.00E-06,+423.35938E-03,+159.06250E-03
+6.00E-06,+425.70313E-03,+120.39063E-03
+7.00E-06,+427.26563E-03,+85.23438E-03
+8.00E-06,+429.21876E-03,+51.64063E-03
+9.00E-06,+431.17188E-03,+20.00000E-03
+10.00E-06,+433.12501E-03,-8.90625E-03
+11.00E-06,+434.29688E-03,-34.68750E-03
+12.00E-06,+435.85938E-03,-60.07813E-03
+13.00E-06,+437.42188E-03,-84.29688E-03
+14.00E-06,+438.59376E-03,-107.73438E-03
+15.00E-06,+439.76563E-03,-129.21875E-03
+16.00E-06,+441.32813E-03,-148.75000E-03
+17.00E-06,+442.10938E-03,-165.54688E-03
+18.00E-06,+443.28126E-03,-183.51563E-03
+19.00E-06,+444.45313E-03,-199.53125E-03
+20.00E-06,+445.23438E-03,-214.37500E-03
+21.00E-06,+446.40626E-03,-229.21875E-03
+22.00E-06,+447.18751E-03,-242.50000E-03
+23.00E-06,+447.96876E-03,-254.60938E-03
+24.00E-06,+448.75001E-03,-265.93750E-03
+25.00E-06,+449.53126E-03,-276.09375E-03
+26.00E-06,+450.31251E-03,-286.25000E-03
+27.00E-06,+451.09376E-03,-294.84375E-03
+28.00E-06,+451.87501E-03,-302.65625E-03
+29.00E-06,+452.26563E-03,-309.68750E-03
+30.00E-06,+452.65626E-03,-317.10938E-03
+31.00E-06,+453.43751E-03,-323.35938E-03
+32.00E-06,+453.82813E-03,-328.82813E-03
+33.00E-06,+454.21876E-03,-334.68750E-03
+34.00E-06,+455.00001E-03,-338.98438E-03
+35.00E-06,+455.39063E-03,-342.89063E-03
+36.00E-06,+456.17188E-03,-346.40625E-03
+37.00E-06,+456.17188E-03,-349.53126E-03
+38.00E-06,+456.56251E-03,-352.26563E-03
+39.00E-06,+456.95313E-03,-355.00001E-03
+40.00E-06,+457.73438E-03,-356.95313E-03
+41.00E-06,+457.73438E-03,-359.29688E-03
+42.00E-06,+458.51563E-03,-360.46876E-03
+43.00E-06,+458.12501E-03,-362.03126E-03
+44.00E-06,+458.51563E-03,-363.20313E-03
+45.00E-06,+458.90626E-03,-363.98438E-03
+46.00E-06,+459.29688E-03,-364.76563E-03
+47.00E-06,+459.29688E-03,-365.54688E-03
+48.00E-06,+459.68751E-03,-365.54688E-03
+49.00E-06,+460.07813E-03,-365.15626E-03
+50.00E-06,+460.07813E-03,-365.15626E-03
+51.00E-06,+460.46876E-03,-364.76563E-03
+52.00E-06,+460.46876E-03,-363.98438E-03
+53.00E-06,+460.85938E-03,-363.20313E-03
+54.00E-06,+461.25001E-03,-362.42188E-03
+55.00E-06,+461.25001E-03,-360.85938E-03
+56.00E-06,+461.64063E-03,-360.07813E-03
+57.00E-06,+461.64063E-03,-358.90626E-03
+58.00E-06,+462.03126E-03,-357.34376E-03
+59.00E-06,+462.42188E-03,-356.17188E-03
+60.00E-06,+462.03126E-03,-354.60938E-03
+61.00E-06,+462.42188E-03,-352.65626E-03
+62.00E-06,+462.42188E-03,-351.09376E-03
+63.00E-06,+462.42188E-03,-349.53126E-03
+64.00E-06,+462.81251E-03,-347.57813E-03
+65.00E-06,+462.81251E-03,-346.01563E-03
+66.00E-06,+462.81251E-03,-343.67188E-03
+67.00E-06,+463.20313E-03,-341.71875E-03
+68.00E-06,+463.20313E-03,-339.37500E-03
+69.00E-06,+463.20313E-03,-337.42188E-03
+70.00E-06,+463.59376E-03,-334.68750E-03
+71.00E-06,+463.59376E-03,-332.34375E-03
+72.00E-06,+463.59376E-03,-330.00000E-03
+73.00E-06,+463.98438E-03,-327.26563E-03
+74.00E-06,+463.98438E-03,-324.53125E-03
+75.00E-06,+463.98438E-03,-322.18750E-03
+76.00E-06,+463.98438E-03,-319.84375E-03
+77.00E-06,+464.37501E-03,-317.10938E-03
+78.00E-06,+464.37501E-03,-313.98438E-03
+79.00E-06,+463.98438E-03,-311.25000E-03
+80.00E-06,+463.98438E-03,-308.90625E-03
+81.00E-06,+464.37501E-03,-305.78125E-03
+82.00E-06,+464.76563E-03,-303.43750E-03
+83.00E-06,+464.76563E-03,-301.09375E-03
+84.00E-06,+464.76563E-03,-298.75000E-03
+85.00E-06,+464.76563E-03,-295.62500E-03
+86.00E-06,+464.76563E-03,-292.50000E-03
+87.00E-06,+465.15626E-03,-289.76563E-03
+88.00E-06,+465.15626E-03,-286.64063E-03
+89.00E-06,+464.76563E-03,-283.51563E-03
+90.00E-06,+465.15626E-03,-280.39063E-03
+91.00E-06,+465.15626E-03,-277.65625E-03
+92.00E-06,+465.54688E-03,-274.92188E-03
+93.00E-06,+465.54688E-03,-271.79688E-03
+94.00E-06,+465.54688E-03,-269.45313E-03
+95.00E-06,+465.54688E-03,-266.32813E-03
+96.00E-06,+465.15626E-03,-263.98438E-03
+97.00E-06,+465.54688E-03,-260.85938E-03
+98.00E-06,+465.54688E-03,-257.73438E-03
+99.00E-06,+465.15626E-03,-255.00000E-03
+100.00E-06,+465.54688E-03,-251.87500E-03
+101.00E-06,+465.93751E-03,-248.75000E-03
+102.00E-06,+465.54688E-03,-246.40625E-03
+103.00E-06,+465.93751E-03,-242.89063E-03
+104.00E-06,+465.93751E-03,-239.76563E-03
+105.00E-06,+465.93751E-03,-237.03125E-03
+106.00E-06,+466.32813E-03,-233.90625E-03
+107.00E-06,+466.32813E-03,-231.17188E-03
+108.00E-06,+466.32813E-03,-228.04688E-03
+109.00E-06,+465.93751E-03,-225.31250E-03
+110.00E-06,+466.32813E-03,-221.79688E-03
+111.00E-06,+466.32813E-03,-218.28125E-03
+112.00E-06,+466.32813E-03,-215.93750E-03
+113.00E-06,+466.32813E-03,-212.81250E-03
+114.00E-06,+466.32813E-03,-210.07813E-03
+115.00E-06,+466.32813E-03,-207.34375E-03
+116.00E-06,+466.32813E-03,-204.60938E-03
+117.00E-06,+466.32813E-03,-201.87500E-03
+118.00E-06,+466.32813E-03,-199.14063E-03
+119.00E-06,+466.71876E-03,-196.40625E-03
+120.00E-06,+466.71876E-03,-193.67188E-03
+121.00E-06,+466.71876E-03,-190.93750E-03
+122.00E-06,+466.32813E-03,-187.81250E-03
+123.00E-06,+466.71876E-03,-184.68750E-03
+124.00E-06,+466.71876E-03,-181.95313E-03
+125.00E-06,+467.10938E-03,-178.82813E-03
+126.00E-06,+466.71876E-03,-176.09375E-03
+127.00E-06,+467.10938E-03,-172.96875E-03
+128.00E-06,+467.10938E-03,-170.23438E-03
+129.00E-06,+467.10938E-03,-167.50000E-03
+130.00E-06,+467.10938E-03,-164.76563E-03
+131.00E-06,+467.10938E-03,-162.03125E-03
+132.00E-06,+466.71876E-03,-160.07813E-03
+133.00E-06,+467.10938E-03,-157.34375E-03
+134.00E-06,+467.10938E-03,-155.00000E-03
+135.00E-06,+467.50001E-03,-152.65625E-03
+136.00E-06,+467.50001E-03,-150.31250E-03
+137.00E-06,+467.10938E-03,-147.57813E-03
+138.00E-06,+467.50001E-03,-145.23438E-03
+139.00E-06,+467.10938E-03,-142.50000E-03
+140.00E-06,+467.50001E-03,-140.15625E-03
+141.00E-06,+467.50001E-03,-137.42188E-03
+142.00E-06,+467.50001E-03,-134.29688E-03
+143.00E-06,+467.50001E-03,-131.56250E-03
+144.00E-06,+467.50001E-03,-129.21875E-03
+145.00E-06,+467.50001E-03,-126.09375E-03
+146.00E-06,+467.50001E-03,-123.75000E-03
+147.00E-06,+467.50001E-03,-120.62500E-03
+148.00E-06,+467.50001E-03,-118.67188E-03
+149.00E-06,+467.50001E-03,-115.93750E-03
+150.00E-06,+467.50001E-03,-113.59375E-03
+151.00E-06,+467.50001E-03,-110.85938E-03
+152.00E-06,+467.89063E-03,-108.90625E-03
+153.00E-06,+467.89063E-03,-106.17188E-03
+154.00E-06,+467.89063E-03,-103.82813E-03
+155.00E-06,+467.89063E-03,-101.48438E-03
+156.00E-06,+467.89063E-03,-99.14063E-03
+157.00E-06,+467.89063E-03,-96.40625E-03
+158.00E-06,+468.28126E-03,-93.67188E-03
+159.00E-06,+468.28126E-03,-90.93750E-03
+160.00E-06,+468.28126E-03,-88.20313E-03
+161.00E-06,+468.28126E-03,-85.85938E-03
+162.00E-06,+468.28126E-03,-83.51563E-03
+163.00E-06,+468.28126E-03,-80.78125E-03
+164.00E-06,+467.89063E-03,-78.82813E-03
+165.00E-06,+467.89063E-03,-76.09375E-03
+166.00E-06,+468.28126E-03,-73.75000E-03
+167.00E-06,+468.28126E-03,-71.01563E-03
+168.00E-06,+468.28126E-03,-68.67188E-03
+169.00E-06,+468.28126E-03,-66.71875E-03
+170.00E-06,+468.28126E-03,-63.98438E-03
+171.00E-06,+468.67188E-03,-61.25000E-03
+172.00E-06,+468.28126E-03,-59.68750E-03
+173.00E-06,+468.28126E-03,-57.34375E-03
+174.00E-06,+468.67188E-03,-55.00000E-03
+175.00E-06,+468.28126E-03,-52.65625E-03
+176.00E-06,+468.67188E-03,-50.70313E-03
+177.00E-06,+468.67188E-03,-48.75000E-03
+178.00E-06,+468.67188E-03,-46.40625E-03
+179.00E-06,+468.67188E-03,-44.06250E-03
+180.00E-06,+468.28126E-03,-42.10938E-03
+181.00E-06,+469.06251E-03,-39.76563E-03
+182.00E-06,+468.67188E-03,-37.42188E-03
+183.00E-06,+468.67188E-03,-35.46875E-03
+184.00E-06,+468.67188E-03,-33.90625E-03
+185.00E-06,+468.67188E-03,-31.17188E-03
+186.00E-06,+468.67188E-03,-28.82813E-03
+187.00E-06,+468.67188E-03,-26.87500E-03
+188.00E-06,+468.67188E-03,-24.53125E-03
+189.00E-06,+468.67188E-03,-22.57813E-03
+190.00E-06,+468.67188E-03,-20.62500E-03
+191.00E-06,+469.06251E-03,-19.06250E-03
+192.00E-06,+469.06251E-03,-17.10938E-03
+193.00E-06,+469.06251E-03,-14.76563E-03
+194.00E-06,+469.06251E-03,-13.20313E-03
+195.00E-06,+469.06251E-03,-11.25000E-03
+196.00E-06,+469.06251E-03,-9.29687E-03
+197.00E-06,+469.06251E-03,-7.34375E-03
+198.00E-06,+469.06251E-03,-5.78125E-03
+199.00E-06,+469.06251E-03,-3.82812E-03
+200.00E-06,+469.06251E-03,-1.87500E-03
+201.00E-06,+469.06251E-03,+78.13E-06
+202.00E-06,+469.45313E-03,+2.03125E-03
+203.00E-06,+469.45313E-03,+3.98438E-03
+204.00E-06,+469.45313E-03,+6.32813E-03
+205.00E-06,+469.45313E-03,+8.28125E-03
+206.00E-06,+469.45313E-03,+10.23438E-03
+207.00E-06,+469.06251E-03,+12.18750E-03
+208.00E-06,+469.45313E-03,+14.53125E-03
+209.00E-06,+469.45313E-03,+16.48438E-03
+210.00E-06,+469.45313E-03,+18.82813E-03
+211.00E-06,+469.84376E-03,+20.39063E-03
+212.00E-06,+469.45313E-03,+22.73438E-03
+213.00E-06,+469.45313E-03,+24.68750E-03
+214.00E-06,+469.45313E-03,+27.03125E-03
+215.00E-06,+469.45313E-03,+28.98438E-03
+216.00E-06,+469.45313E-03,+30.54688E-03
+217.00E-06,+469.45313E-03,+32.50000E-03
+218.00E-06,+469.45313E-03,+34.45313E-03
+219.00E-06,+469.84376E-03,+36.40625E-03
+220.00E-06,+469.45313E-03,+38.75000E-03
+221.00E-06,+469.84376E-03,+40.31250E-03
+222.00E-06,+469.84376E-03,+42.26563E-03
+223.00E-06,+470.23438E-03,+44.21875E-03
+224.00E-06,+469.84376E-03,+45.78125E-03
+225.00E-06,+469.84376E-03,+47.73438E-03
+226.00E-06,+469.84376E-03,+49.68750E-03
+227.00E-06,+469.84376E-03,+51.64063E-03
+228.00E-06,+469.84376E-03,+53.20313E-03
+229.00E-06,+470.23438E-03,+55.54688E-03
+230.00E-06,+469.84376E-03,+57.10938E-03
+231.00E-06,+469.84376E-03,+59.06250E-03
+232.00E-06,+469.84376E-03,+61.01563E-03
+233.00E-06,+469.84376E-03,+62.57813E-03
+234.00E-06,+469.84376E-03,+64.53125E-03
+235.00E-06,+470.23438E-03,+66.48438E-03
+236.00E-06,+469.84376E-03,+68.04688E-03
+237.00E-06,+469.84376E-03,+69.60938E-03
+238.00E-06,+470.23438E-03,+71.56250E-03
+239.00E-06,+469.84376E-03,+73.51563E-03
+240.00E-06,+469.84376E-03,+75.07813E-03
+241.00E-06,+470.23438E-03,+77.03125E-03
+242.00E-06,+470.23438E-03,+78.59375E-03
+243.00E-06,+470.23438E-03,+80.54688E-03
+244.00E-06,+470.23438E-03,+81.71875E-03
+245.00E-06,+470.23438E-03,+83.28125E-03
+246.00E-06,+470.23438E-03,+84.84375E-03
+247.00E-06,+470.62501E-03,+86.79688E-03
+248.00E-06,+470.23438E-03,+88.35938E-03
+249.00E-06,+470.23438E-03,+89.92188E-03
+250.00E-06,+470.23438E-03,+91.48438E-03
+251.00E-06,+470.23438E-03,+93.04688E-03
+252.00E-06,+470.23438E-03,+94.60938E-03
+253.00E-06,+470.23438E-03,+95.78125E-03
+254.00E-06,+470.62501E-03,+97.34375E-03
+255.00E-06,+470.62501E-03,+98.90625E-03
+256.00E-06,+470.23438E-03,+100.46875E-03
+257.00E-06,+470.62501E-03,+102.42188E-03
+258.00E-06,+470.23438E-03,+103.98438E-03
+259.00E-06,+470.62501E-03,+105.15625E-03
+260.00E-06,+470.62501E-03,+107.10938E-03
+261.00E-06,+470.62501E-03,+108.67188E-03
+262.00E-06,+470.23438E-03,+110.62500E-03
+263.00E-06,+470.62501E-03,+112.18750E-03
+264.00E-06,+470.23438E-03,+114.14063E-03
+265.00E-06,+470.62501E-03,+115.70313E-03
+266.00E-06,+470.62501E-03,+117.26563E-03
+267.00E-06,+470.23438E-03,+118.82813E-03
+268.00E-06,+470.62501E-03,+120.78125E-03
+269.00E-06,+470.62501E-03,+121.95313E-03
+270.00E-06,+470.62501E-03,+123.12500E-03
+271.00E-06,+470.62501E-03,+125.07813E-03
+272.00E-06,+471.01563E-03,+126.25000E-03
+273.00E-06,+471.01563E-03,+128.20313E-03
+274.00E-06,+471.01563E-03,+129.37500E-03
+275.00E-06,+470.62501E-03,+130.54688E-03
+276.00E-06,+470.62501E-03,+132.10938E-03
+277.00E-06,+471.01563E-03,+134.06250E-03
+278.00E-06,+470.62501E-03,+134.84375E-03
+279.00E-06,+471.01563E-03,+136.79688E-03
+280.00E-06,+471.01563E-03,+137.96875E-03
+281.00E-06,+470.62501E-03,+139.92188E-03
+282.00E-06,+470.62501E-03,+141.09375E-03
+283.00E-06,+470.62501E-03,+143.04688E-03
+284.00E-06,+471.01563E-03,+144.21875E-03
+285.00E-06,+471.01563E-03,+145.78125E-03
+286.00E-06,+471.01563E-03,+147.34375E-03
+287.00E-06,+470.62501E-03,+148.90625E-03
+288.00E-06,+471.01563E-03,+150.07813E-03
+289.00E-06,+471.01563E-03,+152.03125E-03
+290.00E-06,+471.01563E-03,+153.20313E-03
+291.00E-06,+471.01563E-03,+154.76563E-03
+292.00E-06,+471.01563E-03,+156.32813E-03
+293.00E-06,+471.01563E-03,+157.50000E-03
+294.00E-06,+471.01563E-03,+159.06250E-03
+295.00E-06,+471.40626E-03,+160.23438E-03
+296.00E-06,+471.40626E-03,+161.79688E-03
+297.00E-06,+471.01563E-03,+163.35938E-03
+298.00E-06,+471.01563E-03,+164.53125E-03
+299.00E-06,+471.40626E-03,+166.09375E-03
+300.00E-06,+471.01563E-03,+167.65625E-03
+301.00E-06,+471.01563E-03,+168.82813E-03
+302.00E-06,+471.01563E-03,+170.00000E-03
+303.00E-06,+471.01563E-03,+170.78125E-03
+304.00E-06,+471.40626E-03,+172.73438E-03
+305.00E-06,+471.01563E-03,+174.29688E-03
+306.00E-06,+471.40626E-03,+175.46875E-03
+307.00E-06,+471.40626E-03,+177.03125E-03
+308.00E-06,+471.01563E-03,+178.59375E-03
+309.00E-06,+471.40626E-03,+180.15625E-03
+310.00E-06,+471.40626E-03,+181.71875E-03
+311.00E-06,+471.01563E-03,+182.89063E-03
+312.00E-06,+471.40626E-03,+184.45313E-03
+313.00E-06,+471.40626E-03,+185.62500E-03
+314.00E-06,+471.40626E-03,+187.18750E-03
+315.00E-06,+471.40626E-03,+187.96875E-03
+316.00E-06,+471.79688E-03,+189.14063E-03
+317.00E-06,+471.40626E-03,+190.70313E-03
+318.00E-06,+471.79688E-03,+191.87500E-03
+319.00E-06,+471.79688E-03,+193.04688E-03
+320.00E-06,+471.40626E-03,+194.21875E-03
+321.00E-06,+471.40626E-03,+195.39063E-03
+322.00E-06,+471.40626E-03,+196.95313E-03
+323.00E-06,+471.40626E-03,+197.73438E-03
+324.00E-06,+471.40626E-03,+198.90625E-03
+325.00E-06,+471.79688E-03,+200.46875E-03
+326.00E-06,+471.01563E-03,+201.64063E-03
+327.00E-06,+471.40626E-03,+202.81250E-03
+328.00E-06,+471.40626E-03,+203.59375E-03
+329.00E-06,+471.79688E-03,+205.15625E-03
+330.00E-06,+471.40626E-03,+206.32813E-03
+331.00E-06,+471.79688E-03,+207.50000E-03
+332.00E-06,+471.79688E-03,+209.06250E-03
+333.00E-06,+471.79688E-03,+210.23438E-03
+334.00E-06,+471.79688E-03,+211.40625E-03
+335.00E-06,+471.79688E-03,+212.18750E-03
+336.00E-06,+471.40626E-03,+213.75000E-03
+337.00E-06,+471.79688E-03,+215.31250E-03
+338.00E-06,+471.79688E-03,+216.09375E-03
+339.00E-06,+471.79688E-03,+217.26563E-03
+340.00E-06,+471.79688E-03,+218.04688E-03
+341.00E-06,+471.79688E-03,+219.21875E-03
+342.00E-06,+471.79688E-03,+220.39063E-03
+343.00E-06,+472.18751E-03,+221.56250E-03
+344.00E-06,+471.79688E-03,+222.34375E-03
+345.00E-06,+471.40626E-03,+223.12500E-03
+346.00E-06,+471.79688E-03,+224.68750E-03
+347.00E-06,+471.79688E-03,+226.25000E-03
+348.00E-06,+471.79688E-03,+227.03125E-03
+349.00E-06,+471.79688E-03,+228.20313E-03
+350.00E-06,+471.79688E-03,+229.37500E-03
+351.00E-06,+471.79688E-03,+230.93750E-03
+352.00E-06,+471.79688E-03,+231.71875E-03
+353.00E-06,+471.79688E-03,+233.28125E-03
+354.00E-06,+471.79688E-03,+234.06250E-03
+355.00E-06,+472.18751E-03,+234.84375E-03
+356.00E-06,+471.79688E-03,+236.40625E-03
+357.00E-06,+471.79688E-03,+236.79688E-03
+358.00E-06,+471.79688E-03,+238.35938E-03
+359.00E-06,+471.79688E-03,+239.14063E-03
+360.00E-06,+471.79688E-03,+239.92188E-03
+361.00E-06,+471.79688E-03,+241.09375E-03
+362.00E-06,+472.18751E-03,+242.26563E-03
+363.00E-06,+471.79688E-03,+243.43750E-03
+364.00E-06,+472.18751E-03,+244.60938E-03
+365.00E-06,+471.79688E-03,+245.78125E-03
+366.00E-06,+472.18751E-03,+246.56250E-03
+367.00E-06,+471.79688E-03,+247.34375E-03
+368.00E-06,+472.18751E-03,+248.90625E-03
+369.00E-06,+471.79688E-03,+249.68750E-03
+370.00E-06,+471.79688E-03,+250.07813E-03
+371.00E-06,+472.18751E-03,+251.25000E-03
+372.00E-06,+472.18751E-03,+252.81250E-03
+373.00E-06,+472.18751E-03,+253.59375E-03
+374.00E-06,+471.79688E-03,+253.98438E-03
+375.00E-06,+472.18751E-03,+255.54688E-03
+376.00E-06,+472.18751E-03,+256.32813E-03
+377.00E-06,+472.18751E-03,+257.10938E-03
+378.00E-06,+471.79688E-03,+257.89063E-03
+379.00E-06,+471.79688E-03,+259.06250E-03
+380.00E-06,+472.18751E-03,+260.23438E-03
+381.00E-06,+472.18751E-03,+261.01563E-03
+382.00E-06,+472.18751E-03,+262.18750E-03
+383.00E-06,+472.18751E-03,+262.96875E-03
+384.00E-06,+472.18751E-03,+263.75000E-03
+385.00E-06,+472.18751E-03,+264.92188E-03
+386.00E-06,+472.18751E-03,+266.09375E-03
+387.00E-06,+472.18751E-03,+266.87500E-03
+388.00E-06,+472.18751E-03,+267.65625E-03
+389.00E-06,+472.18751E-03,+268.82813E-03
+390.00E-06,+472.18751E-03,+269.60938E-03
+391.00E-06,+472.18751E-03,+270.39063E-03
+392.00E-06,+472.18751E-03,+271.17188E-03
+393.00E-06,+472.57813E-03,+272.34375E-03
+394.00E-06,+472.18751E-03,+273.12500E-03
+395.00E-06,+472.57813E-03,+274.29688E-03
+396.00E-06,+472.18751E-03,+274.68750E-03
+397.00E-06,+472.18751E-03,+275.85938E-03
+398.00E-06,+472.18751E-03,+276.64063E-03
+399.00E-06,+472.57813E-03,+277.42188E-03
+400.00E-06,+472.57813E-03,+278.59375E-03
+401.00E-06,+472.57813E-03,+279.37500E-03
+402.00E-06,+472.18751E-03,+280.15625E-03
+403.00E-06,+472.57813E-03,+280.93750E-03
+404.00E-06,+472.57813E-03,+282.10938E-03
+405.00E-06,+472.57813E-03,+282.89063E-03
+406.00E-06,+472.57813E-03,+283.28125E-03
+407.00E-06,+472.18751E-03,+284.45313E-03
+408.00E-06,+472.18751E-03,+285.23438E-03
+409.00E-06,+472.57813E-03,+285.62500E-03
+410.00E-06,+472.18751E-03,+286.40625E-03
+411.00E-06,+472.57813E-03,+287.57813E-03
+412.00E-06,+472.57813E-03,+288.35938E-03
+413.00E-06,+472.57813E-03,+289.14063E-03
+414.00E-06,+472.18751E-03,+289.53125E-03
+415.00E-06,+472.57813E-03,+290.70313E-03
+416.00E-06,+472.57813E-03,+291.87500E-03
+417.00E-06,+472.18751E-03,+292.26563E-03
+418.00E-06,+472.57813E-03,+293.43750E-03
+419.00E-06,+472.57813E-03,+294.21875E-03
+420.00E-06,+472.57813E-03,+294.60938E-03
+421.00E-06,+472.18751E-03,+295.39063E-03
+422.00E-06,+472.57813E-03,+296.17188E-03
+423.00E-06,+472.57813E-03,+296.95313E-03
+424.00E-06,+472.57813E-03,+297.73438E-03
+425.00E-06,+472.57813E-03,+298.51563E-03
+426.00E-06,+472.57813E-03,+299.29688E-03
+427.00E-06,+472.57813E-03,+299.68750E-03
+428.00E-06,+472.57813E-03,+300.85938E-03
+429.00E-06,+472.57813E-03,+301.64063E-03
+430.00E-06,+472.57813E-03,+302.03125E-03
+431.00E-06,+472.57813E-03,+303.59375E-03
+432.00E-06,+472.57813E-03,+303.98438E-03
+433.00E-06,+472.96876E-03,+304.76563E-03
+434.00E-06,+472.57813E-03,+305.54688E-03
+435.00E-06,+472.96876E-03,+306.71875E-03
+436.00E-06,+472.96876E-03,+307.10938E-03
+437.00E-06,+472.57813E-03,+307.89063E-03
+438.00E-06,+472.96876E-03,+309.06250E-03
+439.00E-06,+472.57813E-03,+309.84375E-03
+440.00E-06,+472.57813E-03,+310.23438E-03
+441.00E-06,+472.57813E-03,+311.01563E-03
+442.00E-06,+472.96876E-03,+311.79688E-03
+443.00E-06,+472.96876E-03,+312.57813E-03
+444.00E-06,+472.96876E-03,+313.35938E-03
+445.00E-06,+472.57813E-03,+314.14063E-03
+446.00E-06,+472.57813E-03,+315.31250E-03
+447.00E-06,+472.96876E-03,+316.09375E-03
+448.00E-06,+472.57813E-03,+316.09375E-03
+449.00E-06,+472.96876E-03,+317.26563E-03
+450.00E-06,+472.96876E-03,+318.04688E-03
+451.00E-06,+472.96876E-03,+318.82813E-03
+452.00E-06,+472.96876E-03,+319.60938E-03
+453.00E-06,+472.96876E-03,+320.39063E-03
+454.00E-06,+472.57813E-03,+321.17188E-03
+455.00E-06,+472.96876E-03,+321.56250E-03
+456.00E-06,+472.96876E-03,+322.34375E-03
+457.00E-06,+472.96876E-03,+323.12501E-03
+458.00E-06,+472.57813E-03,+323.51563E-03
+459.00E-06,+472.57813E-03,+324.29688E-03
+460.00E-06,+472.57813E-03,+325.07813E-03
+461.00E-06,+472.96876E-03,+325.46876E-03
+462.00E-06,+472.57813E-03,+326.25001E-03
+463.00E-06,+472.96876E-03,+326.64063E-03
+464.00E-06,+472.57813E-03,+327.42188E-03
+465.00E-06,+472.57813E-03,+328.20313E-03
+466.00E-06,+472.57813E-03,+328.98438E-03
+467.00E-06,+472.96876E-03,+329.37501E-03
+468.00E-06,+472.57813E-03,+330.54688E-03
+469.00E-06,+472.96876E-03,+330.93751E-03
+470.00E-06,+472.96876E-03,+331.71876E-03
+471.00E-06,+472.96876E-03,+332.50001E-03
+472.00E-06,+472.96876E-03,+332.89063E-03
+473.00E-06,+472.96876E-03,+333.67188E-03
+474.00E-06,+472.96876E-03,+334.45313E-03
+475.00E-06,+472.96876E-03,+334.84376E-03
+476.00E-06,+472.96876E-03,+335.62501E-03
+477.00E-06,+472.96876E-03,+336.01563E-03
+478.00E-06,+472.96876E-03,+336.79688E-03
+479.00E-06,+472.96876E-03,+337.18751E-03
+480.00E-06,+472.96876E-03,+337.57813E-03
+481.00E-06,+472.96876E-03,+338.35938E-03
+482.00E-06,+472.96876E-03,+339.53126E-03
+483.00E-06,+473.35938E-03,+339.92188E-03
+484.00E-06,+472.96876E-03,+340.70313E-03
+485.00E-06,+472.96876E-03,+341.09376E-03
+486.00E-06,+473.35938E-03,+341.87501E-03
+487.00E-06,+473.35938E-03,+342.65626E-03
+488.00E-06,+472.96876E-03,+343.04688E-03
+489.00E-06,+472.96876E-03,+343.82813E-03
+490.00E-06,+473.35938E-03,+344.21876E-03
+491.00E-06,+472.96876E-03,+345.00001E-03
+492.00E-06,+472.57813E-03,+345.39063E-03
+493.00E-06,+472.96876E-03,+346.17188E-03
+494.00E-06,+473.35938E-03,+346.95313E-03
+495.00E-06,+472.96876E-03,+347.34376E-03
+496.00E-06,+473.35938E-03,+348.12501E-03
+497.00E-06,+472.96876E-03,+348.12501E-03
+498.00E-06,+472.96876E-03,+349.29688E-03
+499.00E-06,+473.35938E-03,+350.07813E-03
+500.00E-06,+473.35938E-03,+350.07813E-03
+501.00E-06,+473.35938E-03,+350.85938E-03
+502.00E-06,+473.35938E-03,+351.64063E-03
+503.00E-06,+473.35938E-03,+352.42188E-03
+504.00E-06,+472.96876E-03,+352.81251E-03
+505.00E-06,+472.96876E-03,+353.59376E-03
+506.00E-06,+473.35938E-03,+354.37501E-03
+507.00E-06,+473.35938E-03,+354.76563E-03
+508.00E-06,+473.35938E-03,+355.15626E-03
+509.00E-06,+473.35938E-03,+355.93751E-03
+510.00E-06,+472.96876E-03,+356.71876E-03
+511.00E-06,+472.96876E-03,+356.71876E-03
+512.00E-06,+472.96876E-03,+357.10938E-03
+513.00E-06,+472.96876E-03,+357.89063E-03
+514.00E-06,+473.35938E-03,+358.67188E-03
+515.00E-06,+473.35938E-03,+359.06251E-03
+516.00E-06,+473.35938E-03,+359.45313E-03
+517.00E-06,+473.35938E-03,+359.84376E-03
+518.00E-06,+473.35938E-03,+360.62501E-03
+519.00E-06,+473.35938E-03,+361.40626E-03
+520.00E-06,+472.96876E-03,+361.79688E-03
+521.00E-06,+473.35938E-03,+362.18751E-03
+522.00E-06,+473.35938E-03,+362.96876E-03
+523.00E-06,+473.35938E-03,+362.96876E-03
+524.00E-06,+473.35938E-03,+363.35938E-03
+525.00E-06,+473.35938E-03,+364.14063E-03
+526.00E-06,+472.96876E-03,+364.53126E-03
+527.00E-06,+473.35938E-03,+364.92188E-03
+528.00E-06,+473.35938E-03,+365.31251E-03
+529.00E-06,+473.35938E-03,+366.09376E-03
+530.00E-06,+472.96876E-03,+366.09376E-03
+531.00E-06,+473.35938E-03,+366.87501E-03
+532.00E-06,+473.35938E-03,+367.65626E-03
+533.00E-06,+473.75001E-03,+368.04688E-03
+534.00E-06,+473.35938E-03,+368.04688E-03
+535.00E-06,+473.35938E-03,+368.82813E-03
+536.00E-06,+473.35938E-03,+369.60938E-03
+537.00E-06,+473.35938E-03,+369.60938E-03
+538.00E-06,+473.75001E-03,+370.00001E-03
+539.00E-06,+473.35938E-03,+370.78126E-03
+540.00E-06,+473.35938E-03,+371.17188E-03
+541.00E-06,+473.35938E-03,+371.95313E-03
+542.00E-06,+473.35938E-03,+372.73438E-03
+543.00E-06,+473.35938E-03,+372.73438E-03
+544.00E-06,+473.35938E-03,+373.51563E-03
+545.00E-06,+473.35938E-03,+373.51563E-03
+546.00E-06,+473.75001E-03,+374.29688E-03
+547.00E-06,+473.35938E-03,+374.29688E-03
+548.00E-06,+473.35938E-03,+375.07813E-03
+549.00E-06,+473.35938E-03,+375.85938E-03
+550.00E-06,+473.75001E-03,+375.85938E-03
+551.00E-06,+473.75001E-03,+377.03126E-03
+552.00E-06,+473.35938E-03,+377.42188E-03
+553.00E-06,+473.35938E-03,+377.81251E-03
+554.00E-06,+473.35938E-03,+378.20313E-03
+555.00E-06,+473.35938E-03,+378.98438E-03
+556.00E-06,+473.75001E-03,+379.37501E-03
+557.00E-06,+473.35938E-03,+379.76563E-03
+558.00E-06,+473.35938E-03,+380.54688E-03
+559.00E-06,+473.35938E-03,+380.93751E-03
+560.00E-06,+473.75001E-03,+380.93751E-03
+561.00E-06,+473.75001E-03,+381.71876E-03
+562.00E-06,+473.35938E-03,+382.10938E-03
+563.00E-06,+473.35938E-03,+382.50001E-03
+564.00E-06,+473.75001E-03,+383.28126E-03
+565.00E-06,+473.75001E-03,+383.28126E-03
+566.00E-06,+473.75001E-03,+383.67188E-03
+567.00E-06,+473.35938E-03,+384.06251E-03
+568.00E-06,+473.35938E-03,+384.84376E-03
+569.00E-06,+473.35938E-03,+385.23438E-03
+570.00E-06,+473.75001E-03,+385.62501E-03
+571.00E-06,+473.35938E-03,+386.01563E-03
+572.00E-06,+473.35938E-03,+386.79688E-03
+573.00E-06,+473.35938E-03,+387.18751E-03
+574.00E-06,+473.75001E-03,+387.57813E-03
+575.00E-06,+473.75001E-03,+387.96876E-03
+576.00E-06,+473.35938E-03,+388.35938E-03
+577.00E-06,+473.75001E-03,+388.75001E-03
+578.00E-06,+473.35938E-03,+389.14063E-03
+579.00E-06,+473.75001E-03,+389.53126E-03
+580.00E-06,+473.75001E-03,+389.92188E-03
+581.00E-06,+473.35938E-03,+389.92188E-03
+582.00E-06,+473.35938E-03,+390.31251E-03
+583.00E-06,+473.75001E-03,+391.09376E-03
+584.00E-06,+473.75001E-03,+391.48438E-03
+585.00E-06,+473.75001E-03,+391.87501E-03
+586.00E-06,+473.75001E-03,+391.87501E-03
+587.00E-06,+473.75001E-03,+392.65626E-03
+588.00E-06,+473.75001E-03,+393.04688E-03
+589.00E-06,+474.14063E-03,+393.82813E-03
+590.00E-06,+473.75001E-03,+394.21876E-03
+591.00E-06,+473.75001E-03,+394.21876E-03
+592.00E-06,+473.35938E-03,+394.60938E-03
+593.00E-06,+473.75001E-03,+395.00001E-03
+594.00E-06,+473.75001E-03,+395.39063E-03
+595.00E-06,+473.35938E-03,+395.78126E-03
+596.00E-06,+473.75001E-03,+396.17188E-03
+597.00E-06,+473.75001E-03,+396.56251E-03
+598.00E-06,+473.35938E-03,+396.95313E-03
+599.00E-06,+473.75001E-03,+397.34376E-03
+600.00E-06,+473.75001E-03,+397.73438E-03
+601.00E-06,+473.75001E-03,+397.73438E-03
+602.00E-06,+474.14063E-03,+398.90626E-03
+603.00E-06,+473.75001E-03,+398.90626E-03
+604.00E-06,+474.14063E-03,+399.29688E-03
+605.00E-06,+474.14063E-03,+400.46876E-03
+606.00E-06,+473.75001E-03,+400.46876E-03
+607.00E-06,+473.75001E-03,+400.85938E-03
+608.00E-06,+473.75001E-03,+401.25001E-03
+609.00E-06,+473.75001E-03,+401.25001E-03
+610.00E-06,+473.35938E-03,+401.25001E-03
+611.00E-06,+473.75001E-03,+402.03126E-03
+612.00E-06,+473.75001E-03,+402.42188E-03
+613.00E-06,+473.75001E-03,+402.81251E-03
+614.00E-06,+473.75001E-03,+402.81251E-03
+615.00E-06,+473.75001E-03,+403.20313E-03
+616.00E-06,+473.75001E-03,+403.59376E-03
+617.00E-06,+473.35938E-03,+403.59376E-03
+618.00E-06,+473.75001E-03,+404.37501E-03
+619.00E-06,+473.75001E-03,+404.37501E-03
+620.00E-06,+474.14063E-03,+404.76563E-03
+621.00E-06,+473.75001E-03,+405.54688E-03
+622.00E-06,+473.75001E-03,+405.93751E-03
+623.00E-06,+474.14063E-03,+406.32813E-03
+624.00E-06,+474.14063E-03,+406.71876E-03
+625.00E-06,+473.75001E-03,+407.10938E-03
+626.00E-06,+473.75001E-03,+407.89063E-03
+627.00E-06,+473.75001E-03,+407.89063E-03
+628.00E-06,+474.14063E-03,+408.28126E-03
+629.00E-06,+474.14063E-03,+408.67188E-03
+630.00E-06,+473.75001E-03,+409.06251E-03
+631.00E-06,+473.75001E-03,+409.06251E-03
+632.00E-06,+473.75001E-03,+409.45313E-03
+633.00E-06,+473.75001E-03,+409.84376E-03
+634.00E-06,+473.75001E-03,+410.23438E-03
+635.00E-06,+473.75001E-03,+410.23438E-03
+636.00E-06,+473.75001E-03,+410.62501E-03
+637.00E-06,+473.75001E-03,+411.01563E-03
+638.00E-06,+473.75001E-03,+411.40626E-03
+639.00E-06,+473.75001E-03,+411.79688E-03
+640.00E-06,+473.75001E-03,+412.18751E-03
+641.00E-06,+473.75001E-03,+412.96876E-03
+642.00E-06,+473.75001E-03,+413.35938E-03
+643.00E-06,+473.75001E-03,+413.35938E-03
+644.00E-06,+474.14063E-03,+414.14063E-03
+645.00E-06,+473.75001E-03,+414.14063E-03
+646.00E-06,+473.75001E-03,+414.53126E-03
+647.00E-06,+473.75001E-03,+414.92188E-03
+648.00E-06,+473.75001E-03,+414.92188E-03
+649.00E-06,+473.75001E-03,+415.31251E-03
+650.00E-06,+473.75001E-03,+416.09376E-03
+651.00E-06,+473.75001E-03,+416.09376E-03
+652.00E-06,+474.14063E-03,+416.48438E-03
+653.00E-06,+473.75001E-03,+416.87501E-03
+654.00E-06,+473.75001E-03,+417.26563E-03
+655.00E-06,+474.14063E-03,+417.65626E-03
+656.00E-06,+473.75001E-03,+417.65626E-03
+657.00E-06,+474.14063E-03,+418.43751E-03
+658.00E-06,+473.75001E-03,+418.82813E-03
+659.00E-06,+473.75001E-03,+418.82813E-03
+660.00E-06,+473.75001E-03,+419.21876E-03
+661.00E-06,+473.75001E-03,+419.60938E-03
+662.00E-06,+473.75001E-03,+420.00001E-03
+663.00E-06,+474.14063E-03,+420.39063E-03
+664.00E-06,+473.75001E-03,+420.78126E-03
+665.00E-06,+473.75001E-03,+420.78126E-03
+666.00E-06,+473.75001E-03,+420.78126E-03
+667.00E-06,+473.75001E-03,+421.56251E-03
+668.00E-06,+473.75001E-03,+421.56251E-03
+669.00E-06,+473.75001E-03,+421.95313E-03
+670.00E-06,+474.14063E-03,+422.73438E-03
+671.00E-06,+474.14063E-03,+422.34376E-03
+672.00E-06,+474.14063E-03,+423.12501E-03
+673.00E-06,+473.75001E-03,+423.12501E-03
+674.00E-06,+474.14063E-03,+423.90626E-03
+675.00E-06,+474.53126E-03,+424.29688E-03
+676.00E-06,+474.14063E-03,+423.90626E-03
+677.00E-06,+473.75001E-03,+424.68751E-03
+678.00E-06,+474.14063E-03,+424.68751E-03
+679.00E-06,+474.14063E-03,+425.07813E-03
+680.00E-06,+473.75001E-03,+425.46876E-03
+681.00E-06,+473.75001E-03,+425.46876E-03
+682.00E-06,+473.75001E-03,+425.46876E-03
+683.00E-06,+473.75001E-03,+425.85938E-03
+684.00E-06,+474.14063E-03,+426.25001E-03
+685.00E-06,+473.75001E-03,+426.25001E-03
+686.00E-06,+473.75001E-03,+426.64063E-03
+687.00E-06,+473.75001E-03,+427.03126E-03
+688.00E-06,+473.75001E-03,+427.42188E-03
+689.00E-06,+474.14063E-03,+427.81251E-03
+690.00E-06,+474.14063E-03,+427.81251E-03
+691.00E-06,+473.75001E-03,+428.59376E-03
+692.00E-06,+473.75001E-03,+428.20313E-03
+693.00E-06,+474.14063E-03,+428.98438E-03
+694.00E-06,+474.14063E-03,+429.37501E-03
+695.00E-06,+474.14063E-03,+429.76563E-03
+696.00E-06,+473.75001E-03,+429.76563E-03
+697.00E-06,+474.14063E-03,+429.76563E-03
+698.00E-06,+474.14063E-03,+430.15626E-03
+699.00E-06,+473.75001E-03,+430.15626E-03
+700.00E-06,+474.14063E-03,+430.54688E-03
+701.00E-06,+474.14063E-03,+430.93751E-03
+702.00E-06,+473.75001E-03,+430.54688E-03
+703.00E-06,+474.14063E-03,+431.32813E-03
+704.00E-06,+474.14063E-03,+431.32813E-03
+705.00E-06,+473.75001E-03,+431.32813E-03
+706.00E-06,+474.14063E-03,+432.10938E-03
+707.00E-06,+474.14063E-03,+432.10938E-03
+708.00E-06,+474.14063E-03,+432.50001E-03
+709.00E-06,+473.75001E-03,+432.89063E-03
+710.00E-06,+473.75001E-03,+432.89063E-03
+711.00E-06,+473.75001E-03,+433.28126E-03
+712.00E-06,+473.75001E-03,+433.67188E-03
+713.00E-06,+473.75001E-03,+433.28126E-03
+714.00E-06,+474.14063E-03,+433.67188E-03
+715.00E-06,+474.14063E-03,+434.06251E-03
+716.00E-06,+473.75001E-03,+434.06251E-03
+717.00E-06,+473.75001E-03,+434.45313E-03
+718.00E-06,+474.14063E-03,+434.45313E-03
+719.00E-06,+473.75001E-03,+434.84376E-03
+720.00E-06,+473.75001E-03,+434.84376E-03
+721.00E-06,+473.75001E-03,+435.23438E-03
+722.00E-06,+474.14063E-03,+435.23438E-03
+723.00E-06,+473.75001E-03,+435.62501E-03
+724.00E-06,+474.14063E-03,+435.62501E-03
+725.00E-06,+474.14063E-03,+436.01563E-03
+726.00E-06,+473.75001E-03,+436.40626E-03
+727.00E-06,+474.14063E-03,+436.40626E-03
+728.00E-06,+474.14063E-03,+436.79688E-03
+729.00E-06,+474.14063E-03,+437.18751E-03
+730.00E-06,+474.14063E-03,+437.18751E-03
+731.00E-06,+473.75001E-03,+437.18751E-03
+732.00E-06,+474.14063E-03,+437.57813E-03
+733.00E-06,+474.14063E-03,+437.57813E-03
+734.00E-06,+473.75001E-03,+437.57813E-03
+735.00E-06,+473.75001E-03,+437.96876E-03
+736.00E-06,+474.14063E-03,+438.35938E-03
+737.00E-06,+474.14063E-03,+438.35938E-03
+738.00E-06,+473.75001E-03,+438.75001E-03
+739.00E-06,+473.75001E-03,+438.75001E-03
+740.00E-06,+473.75001E-03,+439.14063E-03
+741.00E-06,+474.14063E-03,+439.14063E-03
+742.00E-06,+473.75001E-03,+439.53126E-03
+743.00E-06,+474.14063E-03,+439.92188E-03
+744.00E-06,+474.14063E-03,+440.31251E-03
+745.00E-06,+474.14063E-03,+440.31251E-03
+746.00E-06,+474.14063E-03,+441.09376E-03
+747.00E-06,+474.14063E-03,+440.70313E-03
+748.00E-06,+474.14063E-03,+441.09376E-03
+749.00E-06,+473.75001E-03,+441.09376E-03
+750.00E-06,+474.14063E-03,+441.48438E-03
+751.00E-06,+473.75001E-03,+441.48438E-03
+752.00E-06,+473.75001E-03,+441.87501E-03
+753.00E-06,+473.35938E-03,+441.48438E-03
+754.00E-06,+473.75001E-03,+441.87501E-03
+755.00E-06,+473.75001E-03,+441.87501E-03
+756.00E-06,+473.75001E-03,+442.26563E-03
+757.00E-06,+473.75001E-03,+442.26563E-03
+758.00E-06,+474.14063E-03,+442.65626E-03
+759.00E-06,+474.14063E-03,+443.04688E-03
+760.00E-06,+474.14063E-03,+443.43751E-03
+761.00E-06,+473.75001E-03,+443.43751E-03
+762.00E-06,+474.14063E-03,+443.82813E-03
+763.00E-06,+474.14063E-03,+444.21876E-03
+764.00E-06,+474.14063E-03,+444.21876E-03
+765.00E-06,+474.14063E-03,+444.60938E-03
+766.00E-06,+474.14063E-03,+445.00001E-03
+767.00E-06,+474.14063E-03,+444.60938E-03
+768.00E-06,+473.75001E-03,+445.00001E-03
+769.00E-06,+474.53126E-03,+445.00001E-03
+770.00E-06,+474.14063E-03,+445.00001E-03
+771.00E-06,+474.14063E-03,+445.39063E-03
+772.00E-06,+473.75001E-03,+445.39063E-03
+773.00E-06,+474.14063E-03,+445.78126E-03
+774.00E-06,+474.14063E-03,+445.78126E-03
+775.00E-06,+474.14063E-03,+445.78126E-03
+776.00E-06,+474.14063E-03,+446.17188E-03
+777.00E-06,+473.75001E-03,+446.56251E-03
+778.00E-06,+474.14063E-03,+446.56251E-03
+779.00E-06,+474.14063E-03,+446.95313E-03
+780.00E-06,+474.53126E-03,+447.34376E-03
+781.00E-06,+473.75001E-03,+447.34376E-03
+782.00E-06,+474.14063E-03,+447.73438E-03
+783.00E-06,+474.14063E-03,+447.73438E-03
+784.00E-06,+474.14063E-03,+448.12501E-03
+785.00E-06,+473.75001E-03,+448.12501E-03
+786.00E-06,+474.14063E-03,+448.12501E-03
+787.00E-06,+474.14063E-03,+448.12501E-03
+788.00E-06,+474.14063E-03,+448.51563E-03
+789.00E-06,+474.14063E-03,+448.51563E-03
+790.00E-06,+474.14063E-03,+448.90626E-03
+791.00E-06,+473.75001E-03,+449.29688E-03
+792.00E-06,+474.14063E-03,+449.29688E-03
+793.00E-06,+474.14063E-03,+449.68751E-03
+794.00E-06,+474.14063E-03,+449.68751E-03
+795.00E-06,+474.14063E-03,+449.68751E-03
+796.00E-06,+474.14063E-03,+450.46876E-03
+797.00E-06,+474.14063E-03,+450.46876E-03
+798.00E-06,+474.14063E-03,+450.46876E-03
+799.00E-06,+474.14063E-03,+450.85938E-03
+800.00E-06,+474.14063E-03,+451.25001E-03
+801.00E-06,+473.75001E-03,+451.25001E-03
+802.00E-06,+474.14063E-03,+451.25001E-03
+803.00E-06,+474.14063E-03,+451.25001E-03
+804.00E-06,+474.14063E-03,+451.25001E-03
+805.00E-06,+474.14063E-03,+451.64063E-03
+806.00E-06,+474.14063E-03,+451.64063E-03
+807.00E-06,+474.14063E-03,+452.03126E-03
+808.00E-06,+474.14063E-03,+452.03126E-03
+809.00E-06,+474.14063E-03,+452.03126E-03
+810.00E-06,+474.14063E-03,+452.42188E-03
+811.00E-06,+474.14063E-03,+452.81251E-03
+812.00E-06,+474.53126E-03,+453.20313E-03
+813.00E-06,+474.14063E-03,+453.20313E-03
+814.00E-06,,
